{
  "regressor": "CatBoostRegressor",
  "train_score": 35.05485963941572,
  "val_score": 29.965102376750753
}