{
  "regressor": "CatBoostRegressor",
  "train_score": 32.6144342241257,
  "val_score": 35.20664828843352
}